"name","description","html_url","language","stargazers_count","topics","updated_at"
"portfolio-website",,"https://github.com/Michaelunkai/portfolio-website","TypeScript","0","","2026-02-24T11:10:04Z"
"study","Auto-synced repository","https://github.com/Michaelunkai/study","PowerShell","0","","2026-02-24T10:59:16Z"
"QuadDown",,"https://github.com/Michaelunkai/QuadDown","JavaScript","0","","2026-02-24T10:58:41Z"
"game-library-manager-web","Docker Game Library Manager - Web Version with 928 games","https://github.com/Michaelunkai/game-library-manager-web","JavaScript","0","","2026-02-24T10:51:57Z"
"GameAutoDownInstall","Skip extracting files, navigating setup processes, or any unnecessary hassles.","https://github.com/Michaelunkai/GameAutoDownInstall",,"0","","2026-02-24T09:06:04Z"
"dev_toolchain",,"https://github.com/Michaelunkai/dev_toolchain","Python","0","","2026-02-23T14:38:09Z"
"programming",,"https://github.com/Michaelunkai/programming","Python","0","","2026-02-23T14:36:22Z"
"net",,"https://github.com/Michaelunkai/net","Python","0","","2026-02-23T14:34:38Z"
"c",,"https://github.com/Michaelunkai/c","C#","0","","2026-02-23T14:33:13Z"
"uninstallpro",,"https://github.com/Michaelunkai/uninstallpro","C#","0","","2026-02-23T14:31:51Z"
"gitdesk",,"https://github.com/Michaelunkai/gitdesk","C#","0","","2026-02-23T13:11:36Z"
"hosting",,"https://github.com/Michaelunkai/hosting","Python","0","","2026-02-23T10:32:55Z"
"youtube_recommendation_filter",,"https://github.com/Michaelunkai/youtube_recommendation_filter","JavaScript","0","","2026-02-23T09:09:56Z"
"version_control",,"https://github.com/Michaelunkai/version_control","C#","0","","2026-02-19T20:32:00Z"
"git",,"https://github.com/Michaelunkai/git","C#","0","","2026-02-19T20:31:41Z"
"witcher3-trainer-launcher",,"https://github.com/Michaelunkai/witcher3-trainer-launcher","C#","0","","2026-02-19T19:12:06Z"
"Artificial_Intelligence",,"https://github.com/Michaelunkai/Artificial_Intelligence","PowerShell","1","","2026-02-19T18:10:23Z"
"openclaw-client-acquisition-system","Automated client acquisition system for OpenClaw setup-as-a-service business","https://github.com/Michaelunkai/openclaw-client-acquisition-system","JavaScript","0","","2026-02-19T17:22:32Z"
"clawdbot",,"https://github.com/Michaelunkai/clawdbot","C#","0","","2026-02-19T12:31:35Z"
"web_development",,"https://github.com/Michaelunkai/web_development","JavaScript","0","","2026-02-19T11:18:50Z"
"fullstack",,"https://github.com/Michaelunkai/fullstack","JavaScript","0","","2026-02-19T10:51:18Z"
"startupmaster",,"https://github.com/Michaelunkai/startupmaster","C#","0","","2026-02-18T12:48:20Z"
"gitit",,"https://github.com/Michaelunkai/gitit","Python","0","","2026-02-12T17:59:22Z"
"startupmanagerclean",,"https://github.com/Michaelunkai/startupmanagerclean","C#","0","","2026-02-12T10:33:15Z"
"openclaw",,"https://github.com/Michaelunkai/openclaw","TypeScript","0","","2026-02-11T20:11:12Z"
"01",,"https://github.com/Michaelunkai/01","PowerShell","1","","2026-02-10T00:45:42Z"
"prebootrepair",,"https://github.com/Michaelunkai/prebootrepair","C#","0","","2026-02-05T23:49:28Z"
"agent-cowork",,"https://github.com/Michaelunkai/agent-cowork","TypeScript","0","","2026-02-05T23:21:39Z"
"chatbots",,"https://github.com/Michaelunkai/chatbots","Shell","0","","2026-02-05T23:21:04Z"
"dist",,"https://github.com/Michaelunkai/dist","JavaScript","0","","2026-02-05T23:05:56Z"
"floating-ui",,"https://github.com/Michaelunkai/floating-ui","JavaScript","0","","2026-02-05T23:05:54Z"
"gitmax",,"https://github.com/Michaelunkai/gitmax","Python","0","","2026-02-05T22:15:55Z"
"getdocker",,"https://github.com/Michaelunkai/getdocker","Shell","0","","2026-02-05T21:40:52Z"
"texteditors",,"https://github.com/Michaelunkai/texteditors","Shell","0","","2026-02-05T21:38:19Z"
"ides",,"https://github.com/Michaelunkai/ides","Shell","0","","2026-02-05T21:38:12Z"
